,LPP,B,TF,TA,AT,k,CF,CAA,lmb,kS,V,Cr,Id,VOLM,WSA,LWL,CB,LCB,CM,CP,CW
0,61.8,15.6,6.5,6.5,270.0,0.42,0.716,0.186,17.39,150.0,9.0,0.641,M1004_T1,4046.0,1450.0,69.66,0.6457,30.134,0.959,0.6729,0.9149
1,61.8,15.6,6.5,6.5,270.0,0.42,0.716,0.186,17.39,150.0,11.0,0.841,M1004_T1,4046.0,1450.0,69.66,0.6457,30.134,0.959,0.6729,0.9149
2,61.8,15.6,6.5,6.5,270.0,0.42,0.716,0.186,17.39,150.0,13.0,0.868,M1004_T1,4046.0,1450.0,69.66,0.6457,30.134,0.959,0.6729,0.9149
3,61.8,15.6,6.5,6.5,270.0,0.42,0.716,0.186,17.39,150.0,15.0,2.413,M1004_T1,4046.0,1450.0,69.66,0.6457,30.134,0.959,0.6729,0.9149
4,61.8,15.6,6.5,6.5,270.0,0.42,0.716,0.186,17.39,150.0,17.0,4.065,M1004_T1,4046.0,1450.0,69.66,0.6457,30.134,0.959,0.6729,0.9149
5,85.0,18.6,7.7,7.7,304.0,0.38,0.6,0.115,14.15,150.0,8.0,0.529,M1021_T1,10425.2,2637.0,91.04,0.8564,41.837,0.993,0.862,0.962
6,85.0,18.6,7.7,7.7,304.0,0.38,0.6,0.115,14.15,150.0,9.0,0.749,M1021_T1,10425.2,2637.0,91.04,0.8564,41.837,0.993,0.862,0.962
7,85.0,18.6,7.7,7.7,304.0,0.38,0.6,0.115,14.15,150.0,10.0,1.135,M1021_T1,10425.2,2637.0,91.04,0.8564,41.837,0.993,0.862,0.962
8,85.0,18.6,7.7,7.7,304.0,0.38,0.6,0.115,14.15,150.0,10.5,1.254,M1021_T1,10425.2,2637.0,91.04,0.8564,41.837,0.993,0.862,0.962
9,85.0,18.6,7.7,7.7,304.0,0.38,0.6,0.115,14.15,150.0,11.0,1.302,M1021_T1,10425.2,2637.0,91.04,0.8564,41.837,0.993,0.862,0.962
10,85.0,18.6,7.7,7.7,304.0,0.38,0.6,0.115,14.15,150.0,11.5,1.519,M1021_T1,10425.2,2637.0,91.04,0.8564,41.837,0.993,0.862,0.962
11,85.0,18.6,7.7,7.7,304.0,0.38,0.6,0.115,14.15,150.0,12.0,1.513,M1021_T1,10425.2,2637.0,91.04,0.8564,41.837,0.993,0.862,0.962
12,85.0,18.6,7.7,7.7,304.0,0.38,0.6,0.115,14.15,150.0,12.5,1.605,M1021_T1,10425.2,2637.0,91.04,0.8564,41.837,0.993,0.862,0.962
13,85.0,18.6,7.7,7.7,304.0,0.38,0.6,0.115,14.15,150.0,13.0,1.986,M1021_T1,10425.2,2637.0,91.04,0.8564,41.837,0.993,0.862,0.962
14,77.25,16.0,5.55,5.55,312.0,0.28,0.575,0.177,19.81,120.0,10.0,0.71,M1029_T1,4671.2,1762.0,77.44,0.681,35.964,0.944,0.7213,0.8871
15,77.25,16.0,5.55,5.55,312.0,0.28,0.575,0.177,19.81,120.0,11.0,1.053,M1029_T1,4671.2,1762.0,77.44,0.681,35.964,0.944,0.7213,0.8871
16,77.25,16.0,5.55,5.55,312.0,0.28,0.575,0.177,19.81,120.0,12.0,1.262,M1029_T1,4671.2,1762.0,77.44,0.681,35.964,0.944,0.7213,0.8871
17,77.25,16.0,5.55,5.55,312.0,0.28,0.575,0.177,19.81,120.0,13.0,1.792,M1029_T1,4671.2,1762.0,77.44,0.681,35.964,0.944,0.7213,0.8871
18,77.25,16.0,5.55,5.55,312.0,0.28,0.575,0.177,19.81,120.0,14.0,2.286,M1029_T1,4671.2,1762.0,77.44,0.681,35.964,0.944,0.7213,0.8871
19,77.25,16.0,5.55,5.55,312.0,0.28,0.575,0.177,19.81,120.0,15.0,3.031,M1029_T1,4671.2,1762.0,77.44,0.681,35.964,0.944,0.7213,0.8871
20,77.25,16.0,5.55,5.55,312.0,0.28,0.575,0.177,19.81,120.0,15.5,3.7,M1029_T1,4671.2,1762.0,77.44,0.681,35.964,0.944,0.7213,0.8871
21,77.25,16.0,5.55,5.55,312.0,0.28,0.575,0.177,19.81,120.0,16.0,4.685,M1029_T1,4671.2,1762.0,77.44,0.681,35.964,0.944,0.7213,0.8871
22,77.25,16.0,5.55,5.55,312.0,0.28,0.575,0.177,19.81,120.0,16.5,5.846,M1029_T1,4671.2,1762.0,77.44,0.681,35.964,0.944,0.7213,0.8871
23,77.25,16.0,5.55,5.55,312.0,0.28,0.575,0.177,19.81,120.0,17.0,6.902,M1029_T1,4671.2,1762.0,77.44,0.681,35.964,0.944,0.7213,0.8871
24,79.8,19.0,7.3,7.3,332.0,0.56,0.63,0.138,15.09,150.0,8.0,0.17,M1038_T1,9150.1,2395.0,84.72,0.8267,39.094,0.993,0.8325,0.9651
25,79.8,19.0,7.3,7.3,332.0,0.56,0.63,0.138,15.09,150.0,8.5,0.269,M1038_T1,9150.1,2395.0,84.72,0.8267,39.094,0.993,0.8325,0.9651
26,79.8,19.0,7.3,7.3,332.0,0.56,0.63,0.138,15.09,150.0,9.0,0.321,M1038_T1,9150.1,2395.0,84.72,0.8267,39.094,0.993,0.8325,0.9651
27,79.8,19.0,7.3,7.3,332.0,0.56,0.63,0.138,15.09,150.0,9.5,0.366,M1038_T1,9150.1,2395.0,84.72,0.8267,39.094,0.993,0.8325,0.9651
28,79.8,19.0,7.3,7.3,332.0,0.56,0.63,0.138,15.09,150.0,10.0,0.529,M1038_T1,9150.1,2395.0,84.72,0.8267,39.094,0.993,0.8325,0.9651
29,79.8,19.0,7.3,7.3,332.0,0.56,0.63,0.138,15.09,150.0,10.5,0.836,M1038_T1,9150.1,2395.0,84.72,0.8267,39.094,0.993,0.8325,0.9651
30,79.8,19.0,7.3,7.3,332.0,0.56,0.63,0.138,15.09,150.0,11.0,0.99,M1038_T1,9150.1,2395.0,84.72,0.8267,39.094,0.993,0.8325,0.9651
31,79.8,19.0,7.3,7.3,332.0,0.56,0.63,0.138,15.09,150.0,11.5,0.877,M1038_T1,9150.1,2395.0,84.72,0.8267,39.094,0.993,0.8325,0.9651
32,79.8,19.0,7.3,7.3,332.0,0.56,0.63,0.138,15.09,150.0,12.0,1.009,M1038_T1,9150.1,2395.0,84.72,0.8267,39.094,0.993,0.8325,0.9651
33,79.8,19.0,7.3,7.3,332.0,0.56,0.63,0.138,15.09,150.0,12.5,1.543,M1038_T1,9150.1,2395.0,84.72,0.8267,39.094,0.993,0.8325,0.9651
34,79.8,19.0,7.3,7.3,332.0,0.56,0.63,0.138,15.09,150.0,13.0,2.103,M1038_T1,9150.1,2395.0,84.72,0.8267,39.094,0.993,0.8325,0.9651
35,79.8,19.0,7.3,7.3,332.0,0.56,0.63,0.138,15.09,150.0,13.5,2.649,M1038_T1,9150.1,2395.0,84.72,0.8267,39.094,0.993,0.8325,0.9651
36,79.8,19.0,7.3,7.3,332.0,0.56,0.63,0.138,15.09,150.0,14.0,2.784,M1038_T1,9150.1,2395.0,84.72,0.8267,39.094,0.993,0.8325,0.9651
37,57.6,14.0,6.1,6.1,190.0,0.38,0.751,0.15,19.81,150.0,8.0,0.51,M1042_T1,3319.5,1272.0,64.49,0.6748,27.785,0.982,0.6874,0.9248
38,57.6,14.0,6.1,6.1,190.0,0.38,0.751,0.15,19.81,150.0,10.0,0.998,M1042_T1,3319.5,1272.0,64.49,0.6748,27.785,0.982,0.6874,0.9248
39,57.6,14.0,6.1,6.1,190.0,0.38,0.751,0.15,19.81,150.0,12.0,1.16,M1042_T1,3319.5,1272.0,64.49,0.6748,27.785,0.982,0.6874,0.9248
40,57.6,14.0,6.1,6.1,190.0,0.38,0.751,0.15,19.81,150.0,13.0,1.412,M1042_T1,3319.5,1272.0,64.49,0.6748,27.785,0.982,0.6874,0.9248
41,57.6,14.0,6.1,6.1,190.0,0.38,0.751,0.15,19.81,150.0,14.0,2.622,M1042_T1,3319.5,1272.0,64.49,0.6748,27.785,0.982,0.6874,0.9248
42,57.6,14.0,6.1,6.1,190.0,0.38,0.751,0.15,19.81,150.0,15.0,3.799,M1042_T1,3319.5,1272.0,64.49,0.6748,27.785,0.982,0.6874,0.9248
43,57.6,14.0,6.1,6.1,190.0,0.38,0.751,0.15,19.81,150.0,16.0,4.512,M1042_T1,3319.5,1272.0,64.49,0.6748,27.785,0.982,0.6874,0.9248
44,57.6,14.0,6.1,6.1,190.0,0.38,0.751,0.15,19.81,150.0,17.0,4.834,M1042_T1,3319.5,1272.0,64.49,0.6748,27.785,0.982,0.6874,0.9248
45,48.0,14.0,5.0,5.0,200.0,0.4,0.87,0.221,14.15,150.0,7.0,1.067,M1055_T1,2159.5,912.0,50.4,0.6427,23.042,0.921,0.698,0.91
46,48.0,14.0,5.0,5.0,200.0,0.4,0.87,0.221,14.15,150.0,8.0,1.256,M1055_T1,2159.5,912.0,50.4,0.6427,23.042,0.921,0.698,0.91
47,48.0,14.0,5.0,5.0,200.0,0.4,0.87,0.221,14.15,150.0,9.0,1.502,M1055_T1,2159.5,912.0,50.4,0.6427,23.042,0.921,0.698,0.91
48,48.0,14.0,5.0,5.0,200.0,0.4,0.87,0.221,14.15,150.0,10.0,2.067,M1055_T1,2159.5,912.0,50.4,0.6427,23.042,0.921,0.698,0.91
49,48.0,14.0,5.0,5.0,200.0,0.4,0.87,0.221,14.15,150.0,11.0,2.415,M1055_T1,2159.5,912.0,50.4,0.6427,23.042,0.921,0.698,0.91
50,48.0,14.0,5.0,5.0,200.0,0.4,0.87,0.221,14.15,150.0,12.0,3.482,M1055_T1,2159.5,912.0,50.4,0.6427,23.042,0.921,0.698,0.91
51,48.0,14.0,5.0,5.0,200.0,0.4,0.87,0.221,14.15,150.0,13.0,4.982,M1055_T1,2159.5,912.0,50.4,0.6427,23.042,0.921,0.698,0.91
52,48.0,14.0,5.0,5.0,200.0,0.4,0.87,0.221,14.15,150.0,14.0,6.35,M1055_T1,2159.5,912.0,50.4,0.6427,23.042,0.921,0.698,0.91
53,48.0,14.0,5.0,5.0,200.0,0.4,0.87,0.221,14.15,150.0,15.0,7.376,M1055_T1,2159.5,912.0,50.4,0.6427,23.042,0.921,0.698,0.91
54,78.0,18.3,5.6,6.4,350.0,0.29,0.632,0.168,21.23,150.0,8.0,0.699,M1066_T1,5985.4,2083.0,84.36,0.6989,36.587,0.955,0.7321,0.9206
55,78.0,18.3,5.6,6.4,350.0,0.29,0.632,0.168,21.23,150.0,9.0,0.83,M1066_T1,5985.4,2083.0,84.36,0.6989,36.587,0.955,0.7321,0.9206
56,78.0,18.3,5.6,6.4,350.0,0.29,0.632,0.168,21.23,150.0,10.0,0.938,M1066_T1,5985.4,2083.0,84.36,0.6989,36.587,0.955,0.7321,0.9206
57,78.0,18.3,5.6,6.4,350.0,0.29,0.632,0.168,21.23,150.0,11.0,1.17,M1066_T1,5985.4,2083.0,84.36,0.6989,36.587,0.955,0.7321,0.9206
58,78.0,18.3,5.6,6.4,350.0,0.29,0.632,0.168,21.23,150.0,12.0,1.396,M1066_T1,5985.4,2083.0,84.36,0.6989,36.587,0.955,0.7321,0.9206
59,78.0,18.3,5.6,6.4,350.0,0.29,0.632,0.168,21.23,150.0,13.0,1.646,M1066_T1,5985.4,2083.0,84.36,0.6989,36.587,0.955,0.7321,0.9206
60,78.0,18.3,5.6,6.4,350.0,0.29,0.632,0.168,21.23,150.0,14.0,1.894,M1066_T1,5985.4,2083.0,84.36,0.6989,36.587,0.955,0.7321,0.9206
61,78.0,18.3,5.6,6.4,350.0,0.29,0.632,0.168,21.23,150.0,15.0,2.216,M1066_T1,5985.4,2083.0,84.36,0.6989,36.587,0.955,0.7321,0.9206
62,78.0,18.3,5.6,6.4,350.0,0.29,0.632,0.168,21.23,150.0,16.0,3.149,M1066_T1,5985.4,2083.0,84.36,0.6989,36.587,0.955,0.7321,0.9206
63,78.0,18.3,5.6,6.4,350.0,0.29,0.632,0.168,21.23,150.0,17.0,4.707,M1066_T1,5985.4,2083.0,84.36,0.6989,36.587,0.955,0.7321,0.9206
64,66.5,17.0,6.15,6.15,277.0,0.31,0.605,0.162,14.15,120.0,9.0,0.759,M1076_T1,5270.4,1675.0,72.04,0.758,32.187,0.938,0.8083,0.958
65,66.5,17.0,6.15,6.15,277.0,0.31,0.605,0.162,14.15,120.0,9.5,0.85,M1076_T1,5270.4,1675.0,72.04,0.758,32.187,0.938,0.8083,0.958
66,66.5,17.0,6.15,6.15,277.0,0.31,0.605,0.162,14.15,120.0,10.0,1.085,M1076_T1,5270.4,1675.0,72.04,0.758,32.187,0.938,0.8083,0.958
67,66.5,17.0,6.15,6.15,277.0,0.31,0.605,0.162,14.15,120.0,10.5,1.151,M1076_T1,5270.4,1675.0,72.04,0.758,32.187,0.938,0.8083,0.958
68,66.5,17.0,6.15,6.15,277.0,0.31,0.605,0.162,14.15,120.0,11.0,1.142,M1076_T1,5270.4,1675.0,72.04,0.758,32.187,0.938,0.8083,0.958
69,66.5,17.0,6.15,6.15,277.0,0.31,0.605,0.162,14.15,120.0,11.5,1.285,M1076_T1,5270.4,1675.0,72.04,0.758,32.187,0.938,0.8083,0.958
70,66.5,17.0,6.15,6.15,277.0,0.31,0.605,0.162,14.15,120.0,12.0,1.66,M1076_T1,5270.4,1675.0,72.04,0.758,32.187,0.938,0.8083,0.958
71,66.5,17.0,6.15,6.15,277.0,0.31,0.605,0.162,14.15,120.0,12.5,1.881,M1076_T1,5270.4,1675.0,72.04,0.758,32.187,0.938,0.8083,0.958
72,66.5,17.0,2.8,4.77,317.0,0.29,0.71,0.239,14.15,150.0,9.0,0.339,M1076_T2,2879.1,1288.0,70.56,0.6726,30.477,0.899,0.7481,0.8851
73,66.5,17.0,2.8,4.77,317.0,0.29,0.71,0.239,14.15,150.0,9.5,0.471,M1076_T2,2879.1,1288.0,70.56,0.6726,30.477,0.899,0.7481,0.8851
74,66.5,17.0,2.8,4.77,317.0,0.29,0.71,0.239,14.15,150.0,10.0,0.612,M1076_T2,2879.1,1288.0,70.56,0.6726,30.477,0.899,0.7481,0.8851
75,66.5,17.0,2.8,4.77,317.0,0.29,0.71,0.239,14.15,150.0,10.5,0.741,M1076_T2,2879.1,1288.0,70.56,0.6726,30.477,0.899,0.7481,0.8851
76,66.5,17.0,2.8,4.77,317.0,0.29,0.71,0.239,14.15,150.0,11.0,0.868,M1076_T2,2879.1,1288.0,70.56,0.6726,30.477,0.899,0.7481,0.8851
77,66.5,17.0,2.8,4.77,317.0,0.29,0.71,0.239,14.15,150.0,11.5,0.968,M1076_T2,2879.1,1288.0,70.56,0.6726,30.477,0.899,0.7481,0.8851
78,66.5,17.0,2.8,4.77,317.0,0.29,0.71,0.239,14.15,150.0,12.0,1.028,M1076_T2,2879.1,1288.0,70.56,0.6726,30.477,0.899,0.7481,0.8851
79,66.5,17.0,2.8,4.77,317.0,0.29,0.71,0.239,14.15,150.0,12.5,0.972,M1076_T2,2879.1,1288.0,70.56,0.6726,30.477,0.899,0.7481,0.8851
80,80.4,18.3,5.5,6.3,350.0,0.28,0.62,0.162,20.28,150.0,8.0,1.406,M1077_T1,6393.9,2155.0,86.88,0.7366,37.04,0.977,0.7536,0.9315
81,80.4,18.3,5.5,6.3,350.0,0.28,0.62,0.162,20.28,150.0,9.0,1.589,M1077_T1,6393.9,2155.0,86.88,0.7366,37.04,0.977,0.7536,0.9315
82,80.4,18.3,5.5,6.3,350.0,0.28,0.62,0.162,20.28,150.0,10.0,1.811,M1077_T1,6393.9,2155.0,86.88,0.7366,37.04,0.977,0.7536,0.9315
83,80.4,18.3,5.5,6.3,350.0,0.28,0.62,0.162,20.28,150.0,11.0,2.107,M1077_T1,6393.9,2155.0,86.88,0.7366,37.04,0.977,0.7536,0.9315
84,80.4,18.3,5.5,6.3,350.0,0.28,0.62,0.162,20.28,150.0,12.0,2.343,M1077_T1,6393.9,2155.0,86.88,0.7366,37.04,0.977,0.7536,0.9315
85,80.4,18.3,5.5,6.3,350.0,0.28,0.62,0.162,20.28,150.0,13.0,2.767,M1077_T1,6393.9,2155.0,86.88,0.7366,37.04,0.977,0.7536,0.9315
86,80.4,18.3,5.5,6.3,350.0,0.28,0.62,0.162,20.28,150.0,14.0,2.824,M1077_T1,6393.9,2155.0,86.88,0.7366,37.04,0.977,0.7536,0.9315
87,80.4,18.3,5.5,6.3,350.0,0.28,0.62,0.162,20.28,150.0,15.0,3.105,M1077_T1,6393.9,2155.0,86.88,0.7366,37.04,0.977,0.7536,0.9315
88,80.4,18.3,5.5,6.3,350.0,0.28,0.62,0.162,20.28,150.0,16.0,3.575,M1077_T1,6393.9,2155.0,86.88,0.7366,37.04,0.977,0.7536,0.9315
89,80.4,18.3,5.5,6.3,350.0,0.28,0.62,0.162,20.28,150.0,17.0,4.739,M1077_T1,6393.9,2155.0,86.88,0.7366,37.04,0.977,0.7536,0.9315
90,73.8,18.0,6.55,6.85,375.0,0.41,0.66,0.178,21.23,150.0,8.0,1.249,M1079_T1,6572.4,2110.0,78.95,0.7384,34.262,0.964,0.7662,0.9352
91,73.8,18.0,6.55,6.85,375.0,0.41,0.66,0.178,21.23,150.0,9.0,1.338,M1079_T1,6572.4,2110.0,78.95,0.7384,34.262,0.964,0.7662,0.9352
92,73.8,18.0,6.55,6.85,375.0,0.41,0.66,0.178,21.23,150.0,10.0,1.465,M1079_T1,6572.4,2110.0,78.95,0.7384,34.262,0.964,0.7662,0.9352
93,73.8,18.0,6.55,6.85,375.0,0.41,0.66,0.178,21.23,150.0,11.0,1.762,M1079_T1,6572.4,2110.0,78.95,0.7384,34.262,0.964,0.7662,0.9352
94,73.8,18.0,6.55,6.85,375.0,0.41,0.66,0.178,21.23,150.0,12.0,2.296,M1079_T1,6572.4,2110.0,78.95,0.7384,34.262,0.964,0.7662,0.9352
95,73.8,18.0,6.55,6.85,375.0,0.41,0.66,0.178,21.23,150.0,13.0,2.29,M1079_T1,6572.4,2110.0,78.95,0.7384,34.262,0.964,0.7662,0.9352
96,73.8,18.0,6.55,6.85,375.0,0.41,0.66,0.178,21.23,150.0,14.0,2.884,M1079_T1,6572.4,2110.0,78.95,0.7384,34.262,0.964,0.7662,0.9352
97,73.8,18.0,6.55,6.85,375.0,0.41,0.66,0.178,21.23,150.0,15.0,3.234,M1079_T1,6572.4,2110.0,78.95,0.7384,34.262,0.964,0.7662,0.9352
98,73.8,18.0,6.55,6.85,375.0,0.41,0.66,0.178,21.23,150.0,16.0,4.355,M1079_T1,6572.4,2110.0,78.95,0.7384,34.262,0.964,0.7662,0.9352
99,73.8,18.0,6.55,6.85,375.0,0.41,0.66,0.178,21.23,150.0,17.0,6.286,M1079_T1,6572.4,2110.0,78.95,0.7384,34.262,0.964,0.7662,0.9352
100,73.8,18.0,5.65,6.65,385.0,0.37,0.652,0.19,21.23,150.0,8.0,1.387,M1079_T2,5949.4,2021.0,80.55,0.7282,33.692,0.961,0.7581,0.9338
101,73.8,18.0,5.65,6.65,385.0,0.37,0.652,0.19,21.23,150.0,9.0,1.548,M1079_T2,5949.4,2021.0,80.55,0.7282,33.692,0.961,0.7581,0.9338
102,73.8,18.0,5.65,6.65,385.0,0.37,0.652,0.19,21.23,150.0,10.0,1.707,M1079_T2,5949.4,2021.0,80.55,0.7282,33.692,0.961,0.7581,0.9338
103,73.8,18.0,5.65,6.65,385.0,0.37,0.652,0.19,21.23,150.0,11.0,1.939,M1079_T2,5949.4,2021.0,80.55,0.7282,33.692,0.961,0.7581,0.9338
104,73.8,18.0,5.65,6.65,385.0,0.37,0.652,0.19,21.23,150.0,12.0,2.47,M1079_T2,5949.4,2021.0,80.55,0.7282,33.692,0.961,0.7581,0.9338
105,73.8,18.0,5.65,6.65,385.0,0.37,0.652,0.19,21.23,150.0,13.0,2.646,M1079_T2,5949.4,2021.0,80.55,0.7282,33.692,0.961,0.7581,0.9338
106,73.8,18.0,5.65,6.65,385.0,0.37,0.652,0.19,21.23,150.0,14.0,2.931,M1079_T2,5949.4,2021.0,80.55,0.7282,33.692,0.961,0.7581,0.9338
107,73.8,18.0,5.65,6.65,385.0,0.37,0.652,0.19,21.23,150.0,15.0,3.267,M1079_T2,5949.4,2021.0,80.55,0.7282,33.692,0.961,0.7581,0.9338
108,73.8,18.0,5.65,6.65,385.0,0.37,0.652,0.19,21.23,150.0,16.0,4.183,M1079_T2,5949.4,2021.0,80.55,0.7282,33.692,0.961,0.7581,0.9338
109,73.8,18.0,5.65,6.65,385.0,0.37,0.652,0.19,21.23,150.0,17.0,5.784,M1079_T2,5949.4,2021.0,80.55,0.7282,33.692,0.961,0.7581,0.9338
110,73.8,16.2,6.3,6.7,245.0,0.31,0.661,0.132,18.87,150.0,8.0,0.826,M1083_T1,5439.1,1858.0,78.87,0.6999,34.625,0.948,0.7381,0.9154
111,73.8,16.2,6.3,6.7,245.0,0.31,0.661,0.132,18.87,150.0,9.0,0.994,M1083_T1,5439.1,1858.0,78.87,0.6999,34.625,0.948,0.7381,0.9154
112,73.8,16.2,6.3,6.7,245.0,0.31,0.661,0.132,18.87,150.0,10.0,1.134,M1083_T1,5439.1,1858.0,78.87,0.6999,34.625,0.948,0.7381,0.9154
113,73.8,16.2,6.3,6.7,245.0,0.31,0.661,0.132,18.87,150.0,11.0,1.453,M1083_T1,5439.1,1858.0,78.87,0.6999,34.625,0.948,0.7381,0.9154
114,73.8,16.2,6.3,6.7,245.0,0.31,0.661,0.132,18.87,150.0,12.0,1.737,M1083_T1,5439.1,1858.0,78.87,0.6999,34.625,0.948,0.7381,0.9154
115,73.8,16.2,6.3,6.7,245.0,0.31,0.661,0.132,18.87,150.0,13.0,1.803,M1083_T1,5439.1,1858.0,78.87,0.6999,34.625,0.948,0.7381,0.9154
116,73.8,16.2,6.3,6.7,245.0,0.31,0.661,0.132,18.87,150.0,14.0,2.059,M1083_T1,5439.1,1858.0,78.87,0.6999,34.625,0.948,0.7381,0.9154
117,73.8,16.2,6.3,6.7,245.0,0.31,0.661,0.132,18.87,150.0,15.0,2.8,M1083_T1,5439.1,1858.0,78.87,0.6999,34.625,0.948,0.7381,0.9154
118,73.8,16.2,6.3,6.7,245.0,0.31,0.661,0.132,18.87,150.0,16.0,4.595,M1083_T1,5439.1,1858.0,78.87,0.6999,34.625,0.948,0.7381,0.9154
119,73.8,16.2,6.3,6.7,245.0,0.31,0.661,0.132,18.87,150.0,17.0,6.241,M1083_T1,5439.1,1858.0,78.87,0.6999,34.625,0.948,0.7381,0.9154
120,73.8,16.2,8.4,7.2,245.0,0.37,0.672,0.119,18.87,150.0,8.0,0.801,M1083_T2,6741.2,2061.0,76.84,0.7229,35.455,0.957,0.7554,0.9265
121,73.8,16.2,8.4,7.2,245.0,0.37,0.672,0.119,18.87,150.0,9.0,0.854,M1083_T2,6741.2,2061.0,76.84,0.7229,35.455,0.957,0.7554,0.9265
122,73.8,16.2,8.4,7.2,245.0,0.37,0.672,0.119,18.87,150.0,10.0,0.966,M1083_T2,6741.2,2061.0,76.84,0.7229,35.455,0.957,0.7554,0.9265
123,73.8,16.2,8.4,7.2,245.0,0.37,0.672,0.119,18.87,150.0,11.0,1.202,M1083_T2,6741.2,2061.0,76.84,0.7229,35.455,0.957,0.7554,0.9265
124,73.8,16.2,8.4,7.2,245.0,0.37,0.672,0.119,18.87,150.0,12.0,1.471,M1083_T2,6741.2,2061.0,76.84,0.7229,35.455,0.957,0.7554,0.9265
125,73.8,16.2,8.4,7.2,245.0,0.37,0.672,0.119,18.87,150.0,13.0,1.773,M1083_T2,6741.2,2061.0,76.84,0.7229,35.455,0.957,0.7554,0.9265
126,73.8,16.2,8.4,7.2,245.0,0.37,0.672,0.119,18.87,150.0,14.0,2.194,M1083_T2,6741.2,2061.0,76.84,0.7229,35.455,0.957,0.7554,0.9265
127,73.8,16.2,8.4,7.2,245.0,0.37,0.672,0.119,18.87,150.0,15.0,3.081,M1083_T2,6741.2,2061.0,76.84,0.7229,35.455,0.957,0.7554,0.9265
128,73.8,16.2,8.4,7.2,245.0,0.37,0.672,0.119,18.87,150.0,16.0,5.109,M1083_T2,6741.2,2061.0,76.84,0.7229,35.455,0.957,0.7554,0.9265
129,73.8,16.2,8.4,7.2,245.0,0.37,0.672,0.119,18.87,150.0,17.0,7.152,M1083_T2,6741.2,2061.0,76.84,0.7229,35.455,0.957,0.7554,0.9265
130,44.53,14.0,4.69,5.71,200.0,0.5,0.91,0.238,16.598,150.0,10.0,1.719,M1089_T1,1913.3,847.0,46.67,0.5902,20.145,0.891,0.6626,0.8913
131,44.53,14.0,4.69,5.71,200.0,0.5,0.91,0.238,16.598,150.0,11.0,2.123,M1089_T1,1913.3,847.0,46.67,0.5902,20.145,0.891,0.6626,0.8913
132,44.53,14.0,4.69,5.71,200.0,0.5,0.91,0.238,16.598,150.0,12.0,2.84,M1089_T1,1913.3,847.0,46.67,0.5902,20.145,0.891,0.6626,0.8913
133,44.53,14.0,4.69,5.71,200.0,0.5,0.91,0.238,16.598,150.0,12.5,3.435,M1089_T1,1913.3,847.0,46.67,0.5902,20.145,0.891,0.6626,0.8913
134,44.53,14.0,4.69,5.71,200.0,0.5,0.91,0.238,16.598,150.0,13.0,3.816,M1089_T1,1913.3,847.0,46.67,0.5902,20.145,0.891,0.6626,0.8913
135,44.53,14.0,4.69,5.71,200.0,0.5,0.91,0.238,16.598,150.0,13.5,4.425,M1089_T1,1913.3,847.0,46.67,0.5902,20.145,0.891,0.6626,0.8913
136,44.53,14.0,4.69,5.71,200.0,0.5,0.91,0.238,16.598,150.0,14.0,4.884,M1089_T1,1913.3,847.0,46.67,0.5902,20.145,0.891,0.6626,0.8913
137,44.53,14.0,4.005,5.095,200.0,0.5,0.91,0.238,16.598,150.0,10.0,1.499,M1089_T2,1562.9,775.0,46.44,0.551,20.348,0.875,0.6296,0.8502
138,44.53,14.0,4.005,5.095,200.0,0.5,0.91,0.238,16.598,150.0,11.0,1.938,M1089_T2,1562.9,775.0,46.44,0.551,20.348,0.875,0.6296,0.8502
139,44.53,14.0,4.005,5.095,200.0,0.5,0.91,0.238,16.598,150.0,12.0,2.686,M1089_T2,1562.9,775.0,46.44,0.551,20.348,0.875,0.6296,0.8502
140,44.53,14.0,4.005,5.095,200.0,0.5,0.91,0.238,16.598,150.0,12.5,3.088,M1089_T2,1562.9,775.0,46.44,0.551,20.348,0.875,0.6296,0.8502
141,44.53,14.0,4.005,5.095,200.0,0.5,0.91,0.238,16.598,150.0,13.0,3.434,M1089_T2,1562.9,775.0,46.44,0.551,20.348,0.875,0.6296,0.8502
142,44.53,14.0,4.005,5.095,200.0,0.5,0.91,0.238,16.598,150.0,13.5,3.916,M1089_T2,1562.9,775.0,46.44,0.551,20.348,0.875,0.6296,0.8502
143,44.53,14.0,4.005,5.095,200.0,0.5,0.91,0.238,16.598,150.0,14.0,4.319,M1089_T2,1562.9,775.0,46.44,0.551,20.348,0.875,0.6296,0.8502
144,70.8,17.0,6.7,6.7,325.0,0.39,0.679,0.165,18.87,150.0,8.0,1.246,M1098_T1,5936.9,1975.0,75.71,0.7362,33.031,0.969,0.7601,0.929
145,70.8,17.0,6.7,6.7,325.0,0.39,0.679,0.165,18.87,150.0,9.0,1.308,M1098_T1,5936.9,1975.0,75.71,0.7362,33.031,0.969,0.7601,0.929
146,70.8,17.0,6.7,6.7,325.0,0.39,0.679,0.165,18.87,150.0,10.0,1.44,M1098_T1,5936.9,1975.0,75.71,0.7362,33.031,0.969,0.7601,0.929
147,70.8,17.0,6.7,6.7,325.0,0.39,0.679,0.165,18.87,150.0,11.0,1.458,M1098_T1,5936.9,1975.0,75.71,0.7362,33.031,0.969,0.7601,0.929
148,70.8,17.0,6.7,6.7,325.0,0.39,0.679,0.165,18.87,150.0,12.0,1.975,M1098_T1,5936.9,1975.0,75.71,0.7362,33.031,0.969,0.7601,0.929
149,70.8,17.0,6.7,6.7,325.0,0.39,0.679,0.165,18.87,150.0,13.0,2.034,M1098_T1,5936.9,1975.0,75.71,0.7362,33.031,0.969,0.7601,0.929
150,70.8,17.0,6.7,6.7,325.0,0.39,0.679,0.165,18.87,150.0,14.0,2.583,M1098_T1,5936.9,1975.0,75.71,0.7362,33.031,0.969,0.7601,0.929
151,70.8,17.0,6.7,6.7,325.0,0.39,0.679,0.165,18.87,150.0,15.0,3.267,M1098_T1,5936.9,1975.0,75.71,0.7362,33.031,0.969,0.7601,0.929
152,70.8,17.0,6.7,6.7,325.0,0.39,0.679,0.165,18.87,150.0,16.0,4.883,M1098_T1,5936.9,1975.0,75.71,0.7362,33.031,0.969,0.7601,0.929
153,70.8,17.0,6.7,6.7,325.0,0.39,0.679,0.165,18.87,150.0,17.0,6.84,M1098_T1,5936.9,1975.0,75.71,0.7362,33.031,0.969,0.7601,0.929
154,61.8,15.2,7.7,6.8,225.0,0.52,0.746,0.134,19.81,150.0,7.0,0.291,M1108_T1,3716.3,1476.0,69.52,0.6763,30.028,0.948,0.7136,0.9043
155,61.8,15.2,7.7,6.8,225.0,0.52,0.746,0.134,19.81,150.0,8.0,0.365,M1108_T1,3716.3,1476.0,69.52,0.6763,30.028,0.948,0.7136,0.9043
156,61.8,15.2,7.7,6.8,225.0,0.52,0.746,0.134,19.81,150.0,9.0,0.449,M1108_T1,3716.3,1476.0,69.52,0.6763,30.028,0.948,0.7136,0.9043
157,61.8,15.2,7.7,6.8,225.0,0.52,0.746,0.134,19.81,150.0,10.0,0.745,M1108_T1,3716.3,1476.0,69.52,0.6763,30.028,0.948,0.7136,0.9043
158,61.8,15.2,7.7,6.8,225.0,0.52,0.746,0.134,19.81,150.0,11.0,0.838,M1108_T1,3716.3,1476.0,69.52,0.6763,30.028,0.948,0.7136,0.9043
159,61.8,15.2,7.7,6.8,225.0,0.52,0.746,0.134,19.81,150.0,12.0,1.16,M1108_T1,3716.3,1476.0,69.52,0.6763,30.028,0.948,0.7136,0.9043
160,61.8,15.2,7.7,6.8,225.0,0.52,0.746,0.134,19.81,150.0,13.0,1.537,M1108_T1,3716.3,1476.0,69.52,0.6763,30.028,0.948,0.7136,0.9043
161,61.8,15.2,7.7,6.8,225.0,0.52,0.746,0.134,19.81,150.0,14.0,2.72,M1108_T1,3716.3,1476.0,69.52,0.6763,30.028,0.948,0.7136,0.9043
162,61.8,15.2,7.7,6.8,225.0,0.52,0.746,0.134,19.81,150.0,15.0,4.664,M1108_T1,3716.3,1476.0,69.52,0.6763,30.028,0.948,0.7136,0.9043
163,61.8,15.2,7.7,6.8,225.0,0.52,0.746,0.134,19.81,150.0,16.0,5.881,M1108_T1,3716.3,1476.0,69.52,0.6763,30.028,0.948,0.7136,0.9043
164,61.8,15.2,5.7,6.0,245.0,0.44,0.717,0.166,19.81,150.0,8.0,0.71,M1108_T2,3716.3,1476.0,69.52,0.6763,30.028,0.948,0.7136,0.9043
165,61.8,15.2,5.7,6.0,245.0,0.44,0.717,0.166,19.81,150.0,9.0,0.992,M1108_T2,3716.3,1476.0,69.52,0.6763,30.028,0.948,0.7136,0.9043
166,61.8,15.2,5.7,6.0,245.0,0.44,0.717,0.166,19.81,150.0,10.0,0.943,M1108_T2,3716.3,1476.0,69.52,0.6763,30.028,0.948,0.7136,0.9043
167,61.8,15.2,5.7,6.0,245.0,0.44,0.717,0.166,19.81,150.0,11.0,0.998,M1108_T2,3716.3,1476.0,69.52,0.6763,30.028,0.948,0.7136,0.9043
168,61.8,15.2,5.7,6.0,245.0,0.44,0.717,0.166,19.81,150.0,12.0,1.375,M1108_T2,3716.3,1476.0,69.52,0.6763,30.028,0.948,0.7136,0.9043
169,61.8,15.2,5.7,6.0,245.0,0.44,0.717,0.166,19.81,150.0,13.0,1.482,M1108_T2,3716.3,1476.0,69.52,0.6763,30.028,0.948,0.7136,0.9043
170,61.8,15.2,5.7,6.0,245.0,0.44,0.717,0.166,19.81,150.0,14.0,2.288,M1108_T2,3716.3,1476.0,69.52,0.6763,30.028,0.948,0.7136,0.9043
171,61.8,15.2,5.7,6.0,245.0,0.44,0.717,0.166,19.81,150.0,15.0,3.64,M1108_T2,3716.3,1476.0,69.52,0.6763,30.028,0.948,0.7136,0.9043
172,61.8,15.2,5.7,6.0,245.0,0.44,0.717,0.166,19.81,150.0,16.0,4.29,M1108_T2,3716.3,1476.0,69.52,0.6763,30.028,0.948,0.7136,0.9043
173,61.8,15.2,5.7,6.0,245.0,0.44,0.717,0.166,19.81,150.0,17.0,4.584,M1108_T2,3716.3,1476.0,69.52,0.6763,30.028,0.948,0.7136,0.9043
174,105.6,21.2,4.4,7.6,466.0,0.27,0.522,0.156,20.75,150.0,8.0,0.238,M1119_T1,9327.5,2990.0,110.59,0.6944,45.882,0.927,0.7493,0.8642
175,105.6,21.2,4.4,7.6,466.0,0.27,0.522,0.156,20.75,150.0,9.0,0.255,M1119_T1,9327.5,2990.0,110.59,0.6944,45.882,0.927,0.7493,0.8642
176,105.6,21.2,4.4,7.6,466.0,0.27,0.522,0.156,20.75,150.0,10.0,0.42,M1119_T1,9327.5,2990.0,110.59,0.6944,45.882,0.927,0.7493,0.8642
177,105.6,21.2,4.4,7.6,466.0,0.27,0.522,0.156,20.75,150.0,11.0,0.567,M1119_T1,9327.5,2990.0,110.59,0.6944,45.882,0.927,0.7493,0.8642
178,105.6,21.2,4.4,7.6,466.0,0.27,0.522,0.156,20.75,150.0,12.0,0.83,M1119_T1,9327.5,2990.0,110.59,0.6944,45.882,0.927,0.7493,0.8642
179,105.6,21.2,4.4,7.6,466.0,0.27,0.522,0.156,20.75,150.0,13.0,1.01,M1119_T1,9327.5,2990.0,110.59,0.6944,45.882,0.927,0.7493,0.8642
180,105.6,21.2,4.4,7.6,466.0,0.27,0.522,0.156,20.75,150.0,14.0,1.162,M1119_T1,9327.5,2990.0,110.59,0.6944,45.882,0.927,0.7493,0.8642
181,105.6,21.2,4.4,7.6,466.0,0.27,0.522,0.156,20.75,150.0,15.0,1.55,M1119_T1,9327.5,2990.0,110.59,0.6944,45.882,0.927,0.7493,0.8642
182,105.6,21.2,4.4,7.6,466.0,0.27,0.522,0.156,20.75,150.0,16.0,1.847,M1119_T1,9327.5,2990.0,110.59,0.6944,45.882,0.927,0.7493,0.8642
183,105.6,21.2,4.4,7.6,466.0,0.27,0.522,0.156,20.75,150.0,17.0,2.132,M1119_T1,9327.5,2990.0,110.59,0.6944,45.882,0.927,0.7493,0.8642
184,105.6,21.2,4.4,7.6,466.0,0.27,0.522,0.156,20.75,150.0,18.0,2.611,M1119_T1,9327.5,2990.0,110.59,0.6944,45.882,0.927,0.7493,0.8642
185,105.6,21.2,4.4,7.6,466.0,0.27,0.522,0.156,20.75,150.0,19.0,3.413,M1119_T1,9327.5,2990.0,110.59,0.6944,45.882,0.927,0.7493,0.8642
186,105.6,21.2,8.55,8.55,413.0,0.34,0.527,0.116,20.75,150.0,8.0,0.61,M1119_T2,13867.5,3556.0,109.2,0.7245,48.88,0.949,0.7637,0.8882
187,105.6,21.2,8.55,8.55,413.0,0.34,0.527,0.116,20.75,150.0,9.0,0.705,M1119_T2,13867.5,3556.0,109.2,0.7245,48.88,0.949,0.7637,0.8882
188,105.6,21.2,8.55,8.55,413.0,0.34,0.527,0.116,20.75,150.0,10.0,0.848,M1119_T2,13867.5,3556.0,109.2,0.7245,48.88,0.949,0.7637,0.8882
189,105.6,21.2,8.55,8.55,413.0,0.34,0.527,0.116,20.75,150.0,11.0,1.075,M1119_T2,13867.5,3556.0,109.2,0.7245,48.88,0.949,0.7637,0.8882
190,105.6,21.2,8.55,8.55,413.0,0.34,0.527,0.116,20.75,150.0,12.0,1.181,M1119_T2,13867.5,3556.0,109.2,0.7245,48.88,0.949,0.7637,0.8882
191,105.6,21.2,8.55,8.55,413.0,0.34,0.527,0.116,20.75,150.0,13.0,1.517,M1119_T2,13867.5,3556.0,109.2,0.7245,48.88,0.949,0.7637,0.8882
192,105.6,21.2,8.55,8.55,413.0,0.34,0.527,0.116,20.75,150.0,14.0,1.601,M1119_T2,13867.5,3556.0,109.2,0.7245,48.88,0.949,0.7637,0.8882
193,105.6,21.2,8.55,8.55,413.0,0.34,0.527,0.116,20.75,150.0,15.0,2.224,M1119_T2,13867.5,3556.0,109.2,0.7245,48.88,0.949,0.7637,0.8882
194,105.6,21.2,8.55,8.55,413.0,0.34,0.527,0.116,20.75,150.0,16.0,2.43,M1119_T2,13867.5,3556.0,109.2,0.7245,48.88,0.949,0.7637,0.8882
195,105.6,21.2,8.55,8.55,413.0,0.34,0.527,0.116,20.75,150.0,17.0,2.455,M1119_T2,13867.5,3556.0,109.2,0.7245,48.88,0.949,0.7637,0.8882
196,105.6,21.2,8.55,8.55,413.0,0.34,0.527,0.116,20.75,150.0,18.0,3.272,M1119_T2,13867.5,3556.0,109.2,0.7245,48.88,0.949,0.7637,0.8882
197,105.6,21.2,8.55,8.55,413.0,0.34,0.527,0.116,20.75,150.0,19.0,5.007,M1119_T2,13867.5,3556.0,109.2,0.7245,48.88,0.949,0.7637,0.8882
198,71.8,16.6,6.0,6.0,250.0,0.22,0.65,0.156,17.16,150.0,12.0,1.532,M696_T1,4157.7,1583.0,80.83,0.5814,35.588,0.911,0.638,0.8524
199,71.8,16.6,6.0,6.0,250.0,0.22,0.65,0.156,17.16,150.0,13.0,1.806,M696_T1,4157.7,1583.0,80.83,0.5814,35.588,0.911,0.638,0.8524
200,71.8,16.6,6.0,6.0,250.0,0.22,0.65,0.156,17.16,150.0,14.0,1.877,M696_T1,4157.7,1583.0,80.83,0.5814,35.588,0.911,0.638,0.8524
201,71.8,16.6,6.0,6.0,250.0,0.22,0.65,0.156,17.16,150.0,15.0,1.949,M696_T1,4157.7,1583.0,80.83,0.5814,35.588,0.911,0.638,0.8524
202,71.8,16.6,6.0,6.0,250.0,0.22,0.65,0.156,17.16,150.0,16.0,2.072,M696_T1,4157.7,1583.0,80.83,0.5814,35.588,0.911,0.638,0.8524
203,71.8,16.6,6.0,6.0,250.0,0.22,0.65,0.156,17.16,150.0,17.0,2.233,M696_T1,4157.7,1583.0,80.83,0.5814,35.588,0.911,0.638,0.8524
204,71.8,16.6,6.0,6.0,250.0,0.22,0.65,0.156,17.16,150.0,18.0,2.659,M696_T1,4157.7,1583.0,80.83,0.5814,35.588,0.911,0.638,0.8524
205,71.8,16.6,7.7,7.7,222.0,0.31,0.677,0.116,17.16,150.0,12.0,1.584,M696_T2,5952.6,1895.0,76.03,0.6486,33.924,0.931,0.6967,0.9026
206,71.8,16.6,7.7,7.7,222.0,0.31,0.677,0.116,17.16,150.0,12.5,1.734,M696_T2,5952.6,1895.0,76.03,0.6486,33.924,0.931,0.6967,0.9026
207,71.8,16.6,7.7,7.7,222.0,0.31,0.677,0.116,17.16,150.0,13.0,1.795,M696_T2,5952.6,1895.0,76.03,0.6486,33.924,0.931,0.6967,0.9026
208,71.8,16.6,7.7,7.7,222.0,0.31,0.677,0.116,17.16,150.0,13.5,1.804,M696_T2,5952.6,1895.0,76.03,0.6486,33.924,0.931,0.6967,0.9026
209,71.8,16.6,7.7,7.7,222.0,0.31,0.677,0.116,17.16,150.0,14.0,1.926,M696_T2,5952.6,1895.0,76.03,0.6486,33.924,0.931,0.6967,0.9026
210,71.8,16.6,7.7,7.7,222.0,0.31,0.677,0.116,17.16,150.0,14.5,2.165,M696_T2,5952.6,1895.0,76.03,0.6486,33.924,0.931,0.6967,0.9026
211,71.8,16.6,7.7,7.7,222.0,0.31,0.677,0.116,17.16,150.0,15.0,2.481,M696_T2,5952.6,1895.0,76.03,0.6486,33.924,0.931,0.6967,0.9026
212,71.8,16.6,7.7,7.7,222.0,0.31,0.677,0.116,17.16,150.0,15.5,2.859,M696_T2,5952.6,1895.0,76.03,0.6486,33.924,0.931,0.6967,0.9026
213,71.8,16.6,7.7,7.7,222.0,0.31,0.677,0.116,17.16,150.0,16.0,3.267,M696_T2,5952.6,1895.0,76.03,0.6486,33.924,0.931,0.6967,0.9026
214,71.8,16.6,7.7,7.7,222.0,0.31,0.677,0.116,17.16,150.0,16.5,3.619,M696_T2,5952.6,1895.0,76.03,0.6486,33.924,0.931,0.6967,0.9026
215,71.8,16.6,7.7,7.7,222.0,0.31,0.677,0.116,17.16,150.0,17.0,4.166,M696_T2,5952.6,1895.0,76.03,0.6486,33.924,0.931,0.6967,0.9026
216,49.2,13.0,4.0,4.0,144.0,0.32,0.752,0.144,12.71,120.0,5.0,0.02,M815_T1,1959.1,998.0,51.48,0.7657,24.83,0.955,0.8019,0.9351
217,49.2,13.0,4.0,4.0,144.0,0.32,0.752,0.144,12.71,120.0,6.0,0.06,M815_T1,1959.1,998.0,51.48,0.7657,24.83,0.955,0.8019,0.9351
218,49.2,13.0,4.0,4.0,144.0,0.32,0.752,0.144,12.71,120.0,7.0,0.112,M815_T1,1959.1,998.0,51.48,0.7657,24.83,0.955,0.8019,0.9351
219,49.2,13.0,4.0,4.0,144.0,0.32,0.752,0.144,12.71,120.0,8.0,0.254,M815_T1,1959.1,998.0,51.48,0.7657,24.83,0.955,0.8019,0.9351
220,49.2,13.0,4.0,4.0,144.0,0.32,0.752,0.144,12.71,120.0,9.0,0.475,M815_T1,1959.1,998.0,51.48,0.7657,24.83,0.955,0.8019,0.9351
221,49.2,13.0,4.0,4.0,144.0,0.32,0.752,0.144,12.71,120.0,10.0,1.368,M815_T1,1959.1,998.0,51.48,0.7657,24.83,0.955,0.8019,0.9351
222,49.2,13.0,4.0,4.0,144.0,0.32,0.752,0.144,12.71,120.0,11.0,1.739,M815_T1,1959.1,998.0,51.48,0.7657,24.83,0.955,0.8019,0.9351
223,49.2,13.0,4.0,4.0,144.0,0.32,0.752,0.144,12.71,120.0,12.0,3.06,M815_T1,1959.1,998.0,51.48,0.7657,24.83,0.955,0.8019,0.9351
224,49.2,13.0,4.0,4.0,144.0,0.32,0.752,0.144,12.71,120.0,13.0,6.818,M815_T1,1959.1,998.0,51.48,0.7657,24.83,0.955,0.8019,0.9351
225,49.2,13.0,4.8,4.8,133.0,0.39,0.751,0.121,12.71,120.0,5.0,0.096,M815_T2,2448.2,1098.0,51.6,0.7975,24.259,0.962,0.8286,0.9695
226,49.2,13.0,4.8,4.8,133.0,0.39,0.751,0.121,12.71,120.0,6.0,0.144,M815_T2,2448.2,1098.0,51.6,0.7975,24.259,0.962,0.8286,0.9695
227,49.2,13.0,4.8,4.8,133.0,0.39,0.751,0.121,12.71,120.0,7.0,0.24,M815_T2,2448.2,1098.0,51.6,0.7975,24.259,0.962,0.8286,0.9695
228,58.2,14.8,6.0,6.0,200.0,0.28,0.639,0.162,16.3,120.0,12.0,1.878,M821_T1,3015.3,1215.0,65.84,0.5834,28.746,0.901,0.6475,0.8586
229,58.2,14.8,6.0,6.0,200.0,0.28,0.639,0.162,16.3,120.0,13.0,2.128,M821_T1,3015.3,1215.0,65.84,0.5834,28.746,0.901,0.6475,0.8586
230,58.2,14.8,6.0,6.0,200.0,0.28,0.639,0.162,16.3,120.0,14.0,2.591,M821_T1,3015.3,1215.0,65.84,0.5834,28.746,0.901,0.6475,0.8586
231,58.2,14.8,6.0,6.0,200.0,0.28,0.639,0.162,16.3,120.0,15.0,2.865,M821_T1,3015.3,1215.0,65.84,0.5834,28.746,0.901,0.6475,0.8586
232,58.2,14.8,6.0,6.0,200.0,0.28,0.639,0.162,16.3,120.0,16.0,3.228,M821_T1,3015.3,1215.0,65.84,0.5834,28.746,0.901,0.6475,0.8586
233,58.2,14.8,6.0,6.0,200.0,0.28,0.639,0.162,16.3,120.0,17.0,4.337,M821_T1,3015.3,1215.0,65.84,0.5834,28.746,0.901,0.6475,0.8586
234,58.2,14.8,6.0,6.0,200.0,0.28,0.639,0.162,16.3,120.0,18.0,6.559,M821_T1,3015.3,1215.0,65.84,0.5834,28.746,0.901,0.6475,0.8586
235,58.2,14.8,7.0,7.0,185.0,0.32,0.639,0.134,16.3,120.0,10.0,1.691,M821_T2,3771.6,1367.0,61.27,0.6255,27.904,0.915,0.6835,0.8926
236,58.2,14.8,7.0,7.0,185.0,0.32,0.639,0.134,16.3,120.0,11.0,1.867,M821_T2,3771.6,1367.0,61.27,0.6255,27.904,0.915,0.6835,0.8926
237,58.2,14.8,7.0,7.0,185.0,0.32,0.639,0.134,16.3,120.0,12.0,2.009,M821_T2,3771.6,1367.0,61.27,0.6255,27.904,0.915,0.6835,0.8926
238,58.2,14.8,7.0,7.0,185.0,0.32,0.639,0.134,16.3,120.0,13.0,2.328,M821_T2,3771.6,1367.0,61.27,0.6255,27.904,0.915,0.6835,0.8926
239,58.2,14.8,7.0,7.0,185.0,0.32,0.639,0.134,16.3,120.0,14.0,3.0,M821_T2,3771.6,1367.0,61.27,0.6255,27.904,0.915,0.6835,0.8926
240,58.2,14.8,7.0,7.0,185.0,0.32,0.639,0.134,16.3,120.0,15.0,3.85,M821_T2,3771.6,1367.0,61.27,0.6255,27.904,0.915,0.6835,0.8926
241,58.2,14.8,7.0,7.0,185.0,0.32,0.639,0.134,16.3,120.0,16.0,4.435,M821_T2,3771.6,1367.0,61.27,0.6255,27.904,0.915,0.6835,0.8926
242,60.9,15.2,5.55,5.55,212.0,0.26,0.626,0.174,16.3,120.0,12.0,1.883,M823_T1,2909.9,1200.0,68.42,0.5664,30.436,0.893,0.6341,0.823
243,60.9,15.2,5.55,5.55,212.0,0.26,0.626,0.174,16.3,120.0,13.0,1.951,M823_T1,2909.9,1200.0,68.42,0.5664,30.436,0.893,0.6341,0.823
244,60.9,15.2,5.55,5.55,212.0,0.26,0.626,0.174,16.3,120.0,14.0,2.066,M823_T1,2909.9,1200.0,68.42,0.5664,30.436,0.893,0.6341,0.823
245,60.9,15.2,5.55,5.55,212.0,0.26,0.626,0.174,16.3,120.0,15.0,2.334,M823_T1,2909.9,1200.0,68.42,0.5664,30.436,0.893,0.6341,0.823
246,60.9,15.2,5.55,5.55,212.0,0.26,0.626,0.174,16.3,120.0,16.0,2.479,M823_T1,2909.9,1200.0,68.42,0.5664,30.436,0.893,0.6341,0.823
247,60.9,15.2,5.55,5.55,212.0,0.26,0.626,0.174,16.3,120.0,17.0,3.341,M823_T1,2909.9,1200.0,68.42,0.5664,30.436,0.893,0.6341,0.823
248,60.9,15.2,5.55,5.55,212.0,0.26,0.626,0.174,16.3,120.0,18.0,5.114,M823_T1,2909.9,1200.0,68.42,0.5664,30.436,0.893,0.6341,0.823
249,60.9,15.2,6.0,6.0,205.0,0.26,0.624,0.157,16.3,120.0,12.0,1.587,M823_T2,3261.4,1288.0,68.57,0.5872,30.066,0.901,0.6516,0.8604
250,60.9,15.2,6.0,6.0,205.0,0.26,0.624,0.157,16.3,120.0,13.0,1.885,M823_T2,3261.4,1288.0,68.57,0.5872,30.066,0.901,0.6516,0.8604
251,60.9,15.2,6.0,6.0,205.0,0.26,0.624,0.157,16.3,120.0,14.0,2.381,M823_T2,3261.4,1288.0,68.57,0.5872,30.066,0.901,0.6516,0.8604
252,60.9,15.2,6.0,6.0,205.0,0.26,0.624,0.157,16.3,120.0,15.0,2.828,M823_T2,3261.4,1288.0,68.57,0.5872,30.066,0.901,0.6516,0.8604
253,60.9,15.2,6.0,6.0,205.0,0.26,0.624,0.157,16.3,120.0,16.0,3.106,M823_T2,3261.4,1288.0,68.57,0.5872,30.066,0.901,0.6516,0.8604
254,60.9,15.2,6.0,6.0,205.0,0.26,0.624,0.157,16.3,120.0,17.0,3.776,M823_T2,3261.4,1288.0,68.57,0.5872,30.066,0.901,0.6516,0.8604
255,60.9,15.2,6.0,6.0,205.0,0.26,0.624,0.157,16.3,120.0,18.0,5.385,M823_T2,3261.4,1288.0,68.57,0.5872,30.066,0.901,0.6516,0.8604
256,60.9,15.2,7.2,7.2,187.0,0.26,0.622,0.125,16.3,120.0,10.0,1.737,M823_T3,4241.9,1475.0,64.02,0.6365,29.065,0.918,0.6935,0.8998
257,60.9,15.2,7.2,7.2,187.0,0.26,0.622,0.125,16.3,120.0,11.0,1.983,M823_T3,4241.9,1475.0,64.02,0.6365,29.065,0.918,0.6935,0.8998
258,60.9,15.2,7.2,7.2,187.0,0.26,0.622,0.125,16.3,120.0,12.0,2.245,M823_T3,4241.9,1475.0,64.02,0.6365,29.065,0.918,0.6935,0.8998
259,60.9,15.2,7.2,7.2,187.0,0.26,0.622,0.125,16.3,120.0,13.0,2.471,M823_T3,4241.9,1475.0,64.02,0.6365,29.065,0.918,0.6935,0.8998
260,60.9,15.2,7.2,7.2,187.0,0.26,0.622,0.125,16.3,120.0,14.0,2.998,M823_T3,4241.9,1475.0,64.02,0.6365,29.065,0.918,0.6935,0.8998
261,60.9,15.2,7.2,7.2,187.0,0.26,0.622,0.125,16.3,120.0,15.0,3.855,M823_T3,4241.9,1475.0,64.02,0.6365,29.065,0.918,0.6935,0.8998
262,60.9,15.2,7.2,7.2,187.0,0.26,0.622,0.125,16.3,120.0,16.0,4.848,M823_T3,4241.9,1475.0,64.02,0.6365,29.065,0.918,0.6935,0.8998
263,66.0,17.0,6.0,6.0,208.0,0.66,0.63,0.128,15.57,120.0,8.01,0.081,M904_T1,5128.2,1627.0,67.83,0.7618,32.332,0.986,0.7723,0.9101
264,66.0,17.0,6.0,6.0,208.0,0.66,0.63,0.128,15.57,120.0,9.0,0.411,M904_T1,5128.2,1627.0,67.83,0.7618,32.332,0.986,0.7723,0.9101
265,66.0,17.0,6.0,6.0,208.0,0.66,0.63,0.128,15.57,120.0,10.02,0.575,M904_T1,5128.2,1627.0,67.83,0.7618,32.332,0.986,0.7723,0.9101
266,66.0,17.0,6.0,6.0,208.0,0.66,0.63,0.128,15.57,120.0,10.99,0.997,M904_T1,5128.2,1627.0,67.83,0.7618,32.332,0.986,0.7723,0.9101
267,66.0,17.0,6.0,6.0,208.0,0.66,0.63,0.128,15.57,120.0,11.5,1.166,M904_T1,5128.2,1627.0,67.83,0.7618,32.332,0.986,0.7723,0.9101
268,66.0,17.0,6.0,6.0,208.0,0.66,0.63,0.128,15.57,120.0,12.0,1.245,M904_T1,5128.2,1627.0,67.83,0.7618,32.332,0.986,0.7723,0.9101
269,66.0,17.0,6.0,6.0,208.0,0.66,0.63,0.128,15.57,120.0,12.49,1.259,M904_T1,5128.2,1627.0,67.83,0.7618,32.332,0.986,0.7723,0.9101
270,66.0,17.0,6.0,6.0,208.0,0.66,0.63,0.128,15.57,120.0,13.01,1.502,M904_T1,5128.2,1627.0,67.83,0.7618,32.332,0.986,0.7723,0.9101
271,66.0,17.0,2.4,4.7,250.0,0.55,0.733,0.202,15.57,150.0,8.0,0.715,M904_T2,2819.6,1245.0,67.04,0.7079,30.789,0.977,0.7246,0.8354
272,66.0,17.0,2.4,4.7,250.0,0.55,0.733,0.202,15.57,150.0,9.0,0.923,M904_T2,2819.6,1245.0,67.04,0.7079,30.789,0.977,0.7246,0.8354
273,66.0,17.0,2.4,4.7,250.0,0.55,0.733,0.202,15.57,150.0,10.0,1.391,M904_T2,2819.6,1245.0,67.04,0.7079,30.789,0.977,0.7246,0.8354
274,66.0,17.0,2.4,4.7,250.0,0.55,0.733,0.202,15.57,150.0,10.5,1.654,M904_T2,2819.6,1245.0,67.04,0.7079,30.789,0.977,0.7246,0.8354
275,66.0,17.0,2.4,4.7,250.0,0.55,0.733,0.202,15.57,150.0,11.0,1.805,M904_T2,2819.6,1245.0,67.04,0.7079,30.789,0.977,0.7246,0.8354
276,66.0,17.0,2.4,4.7,250.0,0.55,0.733,0.202,15.57,150.0,11.5,1.864,M904_T2,2819.6,1245.0,67.04,0.7079,30.789,0.977,0.7246,0.8354
277,66.0,17.0,2.4,4.7,250.0,0.55,0.733,0.202,15.57,150.0,12.0,2.045,M904_T2,2819.6,1245.0,67.04,0.7079,30.789,0.977,0.7246,0.8354
278,66.0,17.0,2.4,4.7,250.0,0.55,0.733,0.202,15.57,150.0,13.0,2.654,M904_T2,2819.6,1245.0,67.04,0.7079,30.789,0.977,0.7246,0.8354
279,49.05,12.8,4.4,4.4,150.0,0.44,0.87,0.169,18.8,150.0,7.0,0.298,M916_T1,1598.9,888.0,50.44,0.5786,21.501,0.98,0.5904,0.8104
280,49.05,12.8,4.4,4.4,150.0,0.44,0.87,0.169,18.8,150.0,8.0,0.472,M916_T1,1598.9,888.0,50.44,0.5786,21.501,0.98,0.5904,0.8104
281,49.05,12.8,4.4,4.4,150.0,0.44,0.87,0.169,18.8,150.0,9.0,0.633,M916_T1,1598.9,888.0,50.44,0.5786,21.501,0.98,0.5904,0.8104
282,49.05,12.8,4.4,4.4,150.0,0.44,0.87,0.169,18.8,150.0,10.0,0.926,M916_T1,1598.9,888.0,50.44,0.5786,21.501,0.98,0.5904,0.8104
283,49.05,12.8,4.4,4.4,150.0,0.44,0.87,0.169,18.8,150.0,11.0,1.192,M916_T1,1598.9,888.0,50.44,0.5786,21.501,0.98,0.5904,0.8104
284,49.05,12.8,4.4,4.4,150.0,0.44,0.87,0.169,18.8,150.0,12.0,1.202,M916_T1,1598.9,888.0,50.44,0.5786,21.501,0.98,0.5904,0.8104
285,49.05,12.8,4.4,4.4,150.0,0.44,0.87,0.169,18.8,150.0,13.0,1.363,M916_T1,1598.9,888.0,50.44,0.5786,21.501,0.98,0.5904,0.8104
286,49.05,12.8,4.4,4.4,150.0,0.44,0.87,0.169,18.8,150.0,14.0,1.829,M916_T1,1598.9,888.0,50.44,0.5786,21.501,0.98,0.5904,0.8104
287,49.05,12.8,4.4,4.4,150.0,0.44,0.87,0.169,18.8,150.0,15.0,2.856,M916_T1,1598.9,888.0,50.44,0.5786,21.501,0.98,0.5904,0.8104
288,74.4,17.0,5.25,6.75,333.0,0.25,0.649,0.188,20.28,150.0,8.0,0.791,M919_T1,5276.2,1880.0,81.01,0.6953,34.824,0.962,0.7229,0.919
289,74.4,17.0,5.25,6.75,333.0,0.25,0.649,0.188,20.28,150.0,9.0,0.916,M919_T1,5276.2,1880.0,81.01,0.6953,34.824,0.962,0.7229,0.919
290,74.4,17.0,5.25,6.75,333.0,0.25,0.649,0.188,20.28,150.0,10.0,1.017,M919_T1,5276.2,1880.0,81.01,0.6953,34.824,0.962,0.7229,0.919
291,74.4,17.0,5.25,6.75,333.0,0.25,0.649,0.188,20.28,150.0,11.0,1.3,M919_T1,5276.2,1880.0,81.01,0.6953,34.824,0.962,0.7229,0.919
292,74.4,17.0,5.25,6.75,333.0,0.25,0.649,0.188,20.28,150.0,12.0,1.597,M919_T1,5276.2,1880.0,81.01,0.6953,34.824,0.962,0.7229,0.919
293,74.4,17.0,5.25,6.75,333.0,0.25,0.649,0.188,20.28,150.0,13.0,1.793,M919_T1,5276.2,1880.0,81.01,0.6953,34.824,0.962,0.7229,0.919
294,74.4,17.0,5.25,6.75,333.0,0.25,0.649,0.188,20.28,150.0,14.0,1.961,M919_T1,5276.2,1880.0,81.01,0.6953,34.824,0.962,0.7229,0.919
295,74.4,17.0,5.25,6.75,333.0,0.25,0.649,0.188,20.28,150.0,15.0,2.567,M919_T1,5276.2,1880.0,81.01,0.6953,34.824,0.962,0.7229,0.919
296,74.4,17.0,5.25,6.75,333.0,0.25,0.649,0.188,20.28,150.0,16.0,3.86,M919_T1,5276.2,1880.0,81.01,0.6953,34.824,0.962,0.7229,0.919
297,74.4,17.0,5.25,6.75,333.0,0.25,0.649,0.188,20.28,150.0,17.0,5.249,M919_T1,5276.2,1880.0,81.01,0.6953,34.824,0.962,0.7229,0.919
298,78.0,17.6,6.25,6.25,354.0,0.25,0.628,0.187,20.75,150.0,10.0,1.35,M956_T1,5281.2,1970.0,85.2,0.6155,37.545,0.916,0.6721,0.8806
299,78.0,17.6,6.25,6.25,354.0,0.25,0.628,0.187,20.75,150.0,11.0,1.338,M956_T1,5281.2,1970.0,85.2,0.6155,37.545,0.916,0.6721,0.8806
300,78.0,17.6,6.25,6.25,354.0,0.25,0.628,0.187,20.75,150.0,12.0,1.214,M956_T1,5281.2,1970.0,85.2,0.6155,37.545,0.916,0.6721,0.8806
301,78.0,17.6,6.25,6.25,354.0,0.25,0.628,0.187,20.75,150.0,13.0,1.298,M956_T1,5281.2,1970.0,85.2,0.6155,37.545,0.916,0.6721,0.8806
302,78.0,17.6,6.25,6.25,354.0,0.25,0.628,0.187,20.75,150.0,14.0,1.211,M956_T1,5281.2,1970.0,85.2,0.6155,37.545,0.916,0.6721,0.8806
303,78.0,17.6,6.25,6.25,354.0,0.25,0.628,0.187,20.75,150.0,15.0,1.345,M956_T1,5281.2,1970.0,85.2,0.6155,37.545,0.916,0.6721,0.8806
304,78.0,17.6,6.25,6.25,354.0,0.25,0.628,0.187,20.75,150.0,16.0,1.824,M956_T1,5281.2,1970.0,85.2,0.6155,37.545,0.916,0.6721,0.8806
305,78.0,17.6,6.25,6.25,354.0,0.25,0.628,0.187,20.75,150.0,17.0,2.648,M956_T1,5281.2,1970.0,85.2,0.6155,37.545,0.916,0.6721,0.8806
306,78.0,17.6,6.25,6.25,354.0,0.25,0.628,0.187,20.75,150.0,18.0,3.152,M956_T1,5281.2,1970.0,85.2,0.6155,37.545,0.916,0.6721,0.8806
307,100.1,21.0,7.0,7.0,330.0,0.28,0.457,0.113,20.28,120.0,8.0,0.237,M960_T2,10735.9,2919.0,105.19,0.7296,48.234,0.947,0.7708,0.9187
308,100.1,21.0,7.0,7.0,330.0,0.28,0.457,0.113,20.28,120.0,9.0,0.306,M960_T2,10735.9,2919.0,105.19,0.7296,48.234,0.947,0.7708,0.9187
309,100.1,21.0,7.0,7.0,330.0,0.28,0.457,0.113,20.28,120.0,10.0,0.38,M960_T2,10735.9,2919.0,105.19,0.7296,48.234,0.947,0.7708,0.9187
310,100.1,21.0,7.0,7.0,330.0,0.28,0.457,0.113,20.28,120.0,11.0,0.528,M960_T2,10735.9,2919.0,105.19,0.7296,48.234,0.947,0.7708,0.9187
311,100.1,21.0,7.0,7.0,330.0,0.28,0.457,0.113,20.28,120.0,12.0,0.719,M960_T2,10735.9,2919.0,105.19,0.7296,48.234,0.947,0.7708,0.9187
312,100.1,21.0,7.0,7.0,330.0,0.28,0.457,0.113,20.28,120.0,13.0,0.959,M960_T2,10735.9,2919.0,105.19,0.7296,48.234,0.947,0.7708,0.9187
313,100.1,21.0,7.0,7.0,330.0,0.28,0.457,0.113,20.28,120.0,14.0,1.241,M960_T2,10735.9,2919.0,105.19,0.7296,48.234,0.947,0.7708,0.9187
314,100.1,21.0,7.0,7.0,330.0,0.28,0.457,0.113,20.28,120.0,15.0,1.603,M960_T2,10735.9,2919.0,105.19,0.7296,48.234,0.947,0.7708,0.9187
315,100.1,21.0,7.0,7.0,330.0,0.28,0.457,0.113,20.28,120.0,16.0,2.016,M960_T2,10735.9,2919.0,105.19,0.7296,48.234,0.947,0.7708,0.9187
316,100.1,21.0,7.0,7.0,330.0,0.28,0.457,0.113,20.28,120.0,17.0,2.551,M960_T2,10735.9,2919.0,105.19,0.7296,48.234,0.947,0.7708,0.9187
317,72.6,16.2,5.2,5.8,265.0,0.26,0.668,0.157,20.75,150.0,8.0,0.546,M970_T1,5959.7,1949.0,76.08,0.7136,33.274,0.957,0.7455,0.9143
318,72.6,16.2,5.2,5.8,265.0,0.26,0.668,0.157,20.75,150.0,9.0,0.705,M970_T1,5959.7,1949.0,76.08,0.7136,33.274,0.957,0.7455,0.9143
319,72.6,16.2,5.2,5.8,265.0,0.26,0.668,0.157,20.75,150.0,10.0,0.794,M970_T1,5959.7,1949.0,76.08,0.7136,33.274,0.957,0.7455,0.9143
320,72.6,16.2,5.2,5.8,265.0,0.26,0.668,0.157,20.75,150.0,11.0,0.955,M970_T1,5959.7,1949.0,76.08,0.7136,33.274,0.957,0.7455,0.9143
321,72.6,16.2,5.2,5.8,265.0,0.26,0.668,0.157,20.75,150.0,12.0,1.301,M970_T1,5959.7,1949.0,76.08,0.7136,33.274,0.957,0.7455,0.9143
322,72.6,16.2,5.2,5.8,265.0,0.26,0.668,0.157,20.75,150.0,13.0,1.558,M970_T1,5959.7,1949.0,76.08,0.7136,33.274,0.957,0.7455,0.9143
323,72.6,16.2,5.2,5.8,265.0,0.26,0.668,0.157,20.75,150.0,14.0,1.848,M970_T1,5959.7,1949.0,76.08,0.7136,33.274,0.957,0.7455,0.9143
324,72.6,16.2,5.2,5.8,265.0,0.26,0.668,0.157,20.75,150.0,15.0,2.5,M970_T1,5959.7,1949.0,76.08,0.7136,33.274,0.957,0.7455,0.9143
325,72.6,16.2,5.2,5.8,265.0,0.26,0.668,0.157,20.75,150.0,16.0,3.548,M970_T1,5959.7,1949.0,76.08,0.7136,33.274,0.957,0.7455,0.9143
326,72.6,16.2,5.2,5.8,265.0,0.26,0.668,0.157,20.75,150.0,17.0,4.478,M970_T1,5959.7,1949.0,76.08,0.7136,33.274,0.957,0.7455,0.9143
327,72.6,16.2,5.2,5.8,265.0,0.26,0.668,0.157,20.75,150.0,18.0,4.876,M970_T1,5959.7,1949.0,76.08,0.7136,33.274,0.957,0.7455,0.9143
328,72.6,16.2,7.4,7.4,226.0,0.34,0.678,0.113,20.75,150.0,8.0,0.847,M970_T2,6209.3,1993.0,75.77,0.7134,34.008,0.959,0.7439,0.9186
329,72.6,16.2,7.4,7.4,226.0,0.34,0.678,0.113,20.75,150.0,9.0,0.93,M970_T2,6209.3,1993.0,75.77,0.7134,34.008,0.959,0.7439,0.9186
330,72.6,16.2,7.4,7.4,226.0,0.34,0.678,0.113,20.75,150.0,10.0,1.075,M970_T2,6209.3,1993.0,75.77,0.7134,34.008,0.959,0.7439,0.9186
331,72.6,16.2,7.4,7.4,226.0,0.34,0.678,0.113,20.75,150.0,11.0,1.363,M970_T2,6209.3,1993.0,75.77,0.7134,34.008,0.959,0.7439,0.9186
332,72.6,16.2,7.4,7.4,226.0,0.34,0.678,0.113,20.75,150.0,12.0,1.689,M970_T2,6209.3,1993.0,75.77,0.7134,34.008,0.959,0.7439,0.9186
333,72.6,16.2,7.4,7.4,226.0,0.34,0.678,0.113,20.75,150.0,13.0,1.968,M970_T2,6209.3,1993.0,75.77,0.7134,34.008,0.959,0.7439,0.9186
334,72.6,16.2,7.4,7.4,226.0,0.34,0.678,0.113,20.75,150.0,14.0,2.253,M970_T2,6209.3,1993.0,75.77,0.7134,34.008,0.959,0.7439,0.9186
335,72.6,16.2,7.4,7.4,226.0,0.34,0.678,0.113,20.75,150.0,15.0,2.969,M970_T2,6209.3,1993.0,75.77,0.7134,34.008,0.959,0.7439,0.9186
336,72.6,16.2,7.4,7.4,226.0,0.34,0.678,0.113,20.75,150.0,16.0,4.544,M970_T2,6209.3,1993.0,75.77,0.7134,34.008,0.959,0.7439,0.9186
337,72.6,16.2,7.4,7.4,226.0,0.34,0.678,0.113,20.75,150.0,17.0,6.086,M970_T2,6209.3,1993.0,75.77,0.7134,34.008,0.959,0.7439,0.9186
338,72.6,16.2,7.4,7.4,226.0,0.34,0.678,0.113,20.75,150.0,18.0,7.387,M970_T2,6209.3,1993.0,75.77,0.7134,34.008,0.959,0.7439,0.9186
339,74.4,17.0,3.75,5.55,314.0,0.24,0.649,0.176,19.81,150.0,8.0,0.589,M974_T1,3798.3,1647.0,78.57,0.6787,31.717,0.955,0.7108,0.9164
340,74.4,17.0,3.75,5.55,314.0,0.24,0.649,0.176,19.81,150.0,9.0,0.757,M974_T1,3798.3,1647.0,78.57,0.6787,31.717,0.955,0.7108,0.9164
341,74.4,17.0,3.75,5.55,314.0,0.24,0.649,0.176,19.81,150.0,10.0,1.04,M974_T1,3798.3,1647.0,78.57,0.6787,31.717,0.955,0.7108,0.9164
342,74.4,17.0,3.75,5.55,314.0,0.24,0.649,0.176,19.81,150.0,11.0,1.215,M974_T1,3798.3,1647.0,78.57,0.6787,31.717,0.955,0.7108,0.9164
343,74.4,17.0,3.75,5.55,314.0,0.24,0.649,0.176,19.81,150.0,12.0,1.525,M974_T1,3798.3,1647.0,78.57,0.6787,31.717,0.955,0.7108,0.9164
344,74.4,17.0,3.75,5.55,314.0,0.24,0.649,0.176,19.81,150.0,13.0,1.794,M974_T1,3798.3,1647.0,78.57,0.6787,31.717,0.955,0.7108,0.9164
345,74.4,17.0,3.75,5.55,314.0,0.24,0.649,0.176,19.81,150.0,14.0,1.814,M974_T1,3798.3,1647.0,78.57,0.6787,31.717,0.955,0.7108,0.9164
346,74.4,17.0,3.75,5.55,314.0,0.24,0.649,0.176,19.81,150.0,15.0,2.061,M974_T1,3798.3,1647.0,78.57,0.6787,31.717,0.955,0.7108,0.9164
347,74.4,17.0,3.75,5.55,314.0,0.24,0.649,0.176,19.81,150.0,16.0,2.692,M974_T1,3798.3,1647.0,78.57,0.6787,31.717,0.955,0.7108,0.9164
348,74.4,17.0,3.75,5.55,314.0,0.24,0.649,0.176,19.81,150.0,17.0,3.312,M974_T1,3798.3,1647.0,78.57,0.6787,31.717,0.955,0.7108,0.9164
349,74.4,17.0,6.6,6.0,342.0,0.31,0.572,0.167,19.81,120.0,8.0,0.377,M974_T2,5444.9,1914.0,75.84,0.7181,33.969,0.967,0.7429,0.9263
350,74.4,17.0,6.6,6.0,342.0,0.31,0.572,0.167,19.81,120.0,9.0,0.496,M974_T2,5444.9,1914.0,75.84,0.7181,33.969,0.967,0.7429,0.9263
351,74.4,17.0,6.6,6.0,342.0,0.31,0.572,0.167,19.81,120.0,10.0,0.692,M974_T2,5444.9,1914.0,75.84,0.7181,33.969,0.967,0.7429,0.9263
352,74.4,17.0,6.6,6.0,342.0,0.31,0.572,0.167,19.81,120.0,11.0,1.008,M974_T2,5444.9,1914.0,75.84,0.7181,33.969,0.967,0.7429,0.9263
353,74.4,17.0,6.6,6.0,342.0,0.31,0.572,0.167,19.81,120.0,12.0,1.291,M974_T2,5444.9,1914.0,75.84,0.7181,33.969,0.967,0.7429,0.9263
354,74.4,17.0,6.6,6.0,342.0,0.31,0.572,0.167,19.81,120.0,13.0,1.569,M974_T2,5444.9,1914.0,75.84,0.7181,33.969,0.967,0.7429,0.9263
355,74.4,17.0,6.6,6.0,342.0,0.31,0.572,0.167,19.81,120.0,14.0,1.832,M974_T2,5444.9,1914.0,75.84,0.7181,33.969,0.967,0.7429,0.9263
356,74.4,17.0,6.6,6.0,342.0,0.31,0.572,0.167,19.81,120.0,15.0,2.702,M974_T2,5444.9,1914.0,75.84,0.7181,33.969,0.967,0.7429,0.9263
357,74.4,17.0,6.6,6.0,342.0,0.31,0.572,0.167,19.81,120.0,16.0,4.379,M974_T2,5444.9,1914.0,75.84,0.7181,33.969,0.967,0.7429,0.9263
358,74.4,17.0,6.6,6.0,342.0,0.31,0.572,0.167,19.81,120.0,17.0,6.039,M974_T2,5444.9,1914.0,75.84,0.7181,33.969,0.967,0.7429,0.9263
359,73.8,15.4,3.85,5.85,286.0,0.27,0.653,0.191,18.63,150.0,8.0,1.018,M979_T1,3774.6,1496.0,80.39,0.6848,32.796,0.94,0.7286,0.915
360,73.8,15.4,3.85,5.85,286.0,0.27,0.653,0.191,18.63,150.0,9.0,1.169,M979_T1,3774.6,1496.0,80.39,0.6848,32.796,0.94,0.7286,0.915
361,73.8,15.4,3.85,5.85,286.0,0.27,0.653,0.191,18.63,150.0,10.0,1.231,M979_T1,3774.6,1496.0,80.39,0.6848,32.796,0.94,0.7286,0.915
362,73.8,15.4,3.85,5.85,286.0,0.27,0.653,0.191,18.63,150.0,11.0,1.342,M979_T1,3774.6,1496.0,80.39,0.6848,32.796,0.94,0.7286,0.915
363,73.8,15.4,3.85,5.85,286.0,0.27,0.653,0.191,18.63,150.0,12.0,1.418,M979_T1,3774.6,1496.0,80.39,0.6848,32.796,0.94,0.7286,0.915
364,73.8,15.4,3.85,5.85,286.0,0.27,0.653,0.191,18.63,150.0,13.0,1.578,M979_T1,3774.6,1496.0,80.39,0.6848,32.796,0.94,0.7286,0.915
365,73.8,15.4,3.85,5.85,286.0,0.27,0.653,0.191,18.63,150.0,14.0,1.684,M979_T1,3774.6,1496.0,80.39,0.6848,32.796,0.94,0.7286,0.915
366,73.8,15.4,3.85,5.85,286.0,0.27,0.653,0.191,18.63,150.0,15.0,2.174,M979_T1,3774.6,1496.0,80.39,0.6848,32.796,0.94,0.7286,0.915
367,73.8,15.4,3.85,5.85,286.0,0.27,0.653,0.191,18.63,150.0,16.0,3.297,M979_T1,3774.6,1496.0,80.39,0.6848,32.796,0.94,0.7286,0.915
368,73.8,15.4,3.85,5.85,286.0,0.27,0.653,0.191,18.63,150.0,17.0,4.249,M979_T1,3774.6,1496.0,80.39,0.6848,32.796,0.94,0.7286,0.915
369,73.8,15.4,6.05,6.05,252.0,0.3,0.667,0.149,18.63,150.0,8.0,0.746,M979_T2,4882.5,1688.0,77.82,0.7101,34.912,0.952,0.7461,0.9231
370,73.8,15.4,6.05,6.05,252.0,0.3,0.667,0.149,18.63,150.0,9.0,0.773,M979_T2,4882.5,1688.0,77.82,0.7101,34.912,0.952,0.7461,0.9231
371,73.8,15.4,6.05,6.05,252.0,0.3,0.667,0.149,18.63,150.0,10.0,0.922,M979_T2,4882.5,1688.0,77.82,0.7101,34.912,0.952,0.7461,0.9231
372,73.8,15.4,6.05,6.05,252.0,0.3,0.667,0.149,18.63,150.0,11.0,1.149,M979_T2,4882.5,1688.0,77.82,0.7101,34.912,0.952,0.7461,0.9231
373,73.8,15.4,6.05,6.05,252.0,0.3,0.667,0.149,18.63,150.0,12.0,1.326,M979_T2,4882.5,1688.0,77.82,0.7101,34.912,0.952,0.7461,0.9231
374,73.8,15.4,6.05,6.05,252.0,0.3,0.667,0.149,18.63,150.0,13.0,1.649,M979_T2,4882.5,1688.0,77.82,0.7101,34.912,0.952,0.7461,0.9231
375,73.8,15.4,6.05,6.05,252.0,0.3,0.667,0.149,18.63,150.0,14.0,2.013,M979_T2,4882.5,1688.0,77.82,0.7101,34.912,0.952,0.7461,0.9231
376,73.8,15.4,6.05,6.05,252.0,0.3,0.667,0.149,18.63,150.0,15.0,3.023,M979_T2,4882.5,1688.0,77.82,0.7101,34.912,0.952,0.7461,0.9231
377,73.8,15.4,6.05,6.05,252.0,0.3,0.667,0.149,18.63,150.0,16.0,5.097,M979_T2,4882.5,1688.0,77.82,0.7101,34.912,0.952,0.7461,0.9231
378,73.8,15.4,6.05,6.05,252.0,0.3,0.667,0.149,18.63,150.0,17.0,7.352,M979_T2,4882.5,1688.0,77.82,0.7101,34.912,0.952,0.7461,0.9231
379,78.6,17.0,6.5,6.5,350.0,0.27,0.637,0.16,19.2,150.0,8.0,0.254,M986_T1,6235.3,1983.0,83.48,0.7179,37.781,0.961,0.7472,0.9272
380,78.6,17.0,6.5,6.5,350.0,0.27,0.637,0.16,19.2,150.0,9.0,0.309,M986_T1,6235.3,1983.0,83.48,0.7179,37.781,0.961,0.7472,0.9272
381,78.6,17.0,6.5,6.5,350.0,0.27,0.637,0.16,19.2,150.0,10.0,0.455,M986_T1,6235.3,1983.0,83.48,0.7179,37.781,0.961,0.7472,0.9272
382,78.6,17.0,6.5,6.5,350.0,0.27,0.637,0.16,19.2,150.0,11.0,0.743,M986_T1,6235.3,1983.0,83.48,0.7179,37.781,0.961,0.7472,0.9272
383,78.6,17.0,6.5,6.5,350.0,0.27,0.637,0.16,19.2,150.0,12.0,0.98,M986_T1,6235.3,1983.0,83.48,0.7179,37.781,0.961,0.7472,0.9272
384,78.6,17.0,6.5,6.5,350.0,0.27,0.637,0.16,19.2,150.0,13.0,1.198,M986_T1,6235.3,1983.0,83.48,0.7179,37.781,0.961,0.7472,0.9272
385,78.6,17.0,6.5,6.5,350.0,0.27,0.637,0.16,19.2,150.0,14.0,1.549,M986_T1,6235.3,1983.0,83.48,0.7179,37.781,0.961,0.7472,0.9272
386,78.6,17.0,6.5,6.5,350.0,0.27,0.637,0.16,19.2,150.0,15.0,2.185,M986_T1,6235.3,1983.0,83.48,0.7179,37.781,0.961,0.7472,0.9272
387,78.6,17.0,6.5,6.5,350.0,0.27,0.637,0.16,19.2,150.0,16.0,3.626,M986_T1,6235.3,1983.0,83.48,0.7179,37.781,0.961,0.7472,0.9272
388,78.6,17.0,6.5,6.5,350.0,0.27,0.637,0.16,19.2,150.0,17.0,5.638,M986_T1,6235.3,1983.0,83.48,0.7179,37.781,0.961,0.7472,0.9272
389,78.6,17.0,4.25,5.75,376.0,0.2,0.624,0.196,19.2,150.0,8.0,0.334,M986_T2,4504.2,1716.0,85.98,0.6742,36.614,0.949,0.7104,0.9075
390,78.6,17.0,4.25,5.75,376.0,0.2,0.624,0.196,19.2,150.0,9.0,0.461,M986_T2,4504.2,1716.0,85.98,0.6742,36.614,0.949,0.7104,0.9075
391,78.6,17.0,4.25,5.75,376.0,0.2,0.624,0.196,19.2,150.0,10.0,0.569,M986_T2,4504.2,1716.0,85.98,0.6742,36.614,0.949,0.7104,0.9075
392,78.6,17.0,4.25,5.75,376.0,0.2,0.624,0.196,19.2,150.0,11.0,0.667,M986_T2,4504.2,1716.0,85.98,0.6742,36.614,0.949,0.7104,0.9075
393,78.6,17.0,4.25,5.75,376.0,0.2,0.624,0.196,19.2,150.0,12.0,0.802,M986_T2,4504.2,1716.0,85.98,0.6742,36.614,0.949,0.7104,0.9075
394,78.6,17.0,4.25,5.75,376.0,0.2,0.624,0.196,19.2,150.0,13.0,0.96,M986_T2,4504.2,1716.0,85.98,0.6742,36.614,0.949,0.7104,0.9075
395,78.6,17.0,4.25,5.75,376.0,0.2,0.624,0.196,19.2,150.0,14.0,1.094,M986_T2,4504.2,1716.0,85.98,0.6742,36.614,0.949,0.7104,0.9075
396,78.6,17.0,4.25,5.75,376.0,0.2,0.624,0.196,19.2,150.0,15.0,1.442,M986_T2,4504.2,1716.0,85.98,0.6742,36.614,0.949,0.7104,0.9075
397,78.6,17.0,4.25,5.75,376.0,0.2,0.624,0.196,19.2,150.0,16.0,2.245,M986_T2,4504.2,1716.0,85.98,0.6742,36.614,0.949,0.7104,0.9075
398,78.6,17.0,4.25,5.75,376.0,0.2,0.624,0.196,19.2,150.0,17.0,3.121,M986_T2,4504.2,1716.0,85.98,0.6742,36.614,0.949,0.7104,0.9075
399,73.8,18.0,4.65,6.55,353.0,0.28,0.645,0.188,21.23,150.0,8.0,0.858,M990_T1,5131.6,1879.0,81.78,0.6898,33.7,0.953,0.7242,0.9225
400,73.8,18.0,4.65,6.55,353.0,0.28,0.645,0.188,21.23,150.0,9.0,1.029,M990_T1,5131.6,1879.0,81.78,0.6898,33.7,0.953,0.7242,0.9225
401,73.8,18.0,4.65,6.55,353.0,0.28,0.645,0.188,21.23,150.0,10.0,1.159,M990_T1,5131.6,1879.0,81.78,0.6898,33.7,0.953,0.7242,0.9225
402,73.8,18.0,4.65,6.55,353.0,0.28,0.645,0.188,21.23,150.0,11.0,1.236,M990_T1,5131.6,1879.0,81.78,0.6898,33.7,0.953,0.7242,0.9225
403,73.8,18.0,4.65,6.55,353.0,0.28,0.645,0.188,21.23,150.0,12.0,1.431,M990_T1,5131.6,1879.0,81.78,0.6898,33.7,0.953,0.7242,0.9225
404,73.8,18.0,4.65,6.55,353.0,0.28,0.645,0.188,21.23,150.0,13.0,1.635,M990_T1,5131.6,1879.0,81.78,0.6898,33.7,0.953,0.7242,0.9225
405,73.8,18.0,4.65,6.55,353.0,0.28,0.645,0.188,21.23,150.0,14.0,1.768,M990_T1,5131.6,1879.0,81.78,0.6898,33.7,0.953,0.7242,0.9225
406,73.8,18.0,4.65,6.55,353.0,0.28,0.645,0.188,21.23,150.0,15.0,2.141,M990_T1,5131.6,1879.0,81.78,0.6898,33.7,0.953,0.7242,0.9225
407,73.8,18.0,4.65,6.55,353.0,0.28,0.645,0.188,21.23,150.0,16.0,3.033,M990_T1,5131.6,1879.0,81.78,0.6898,33.7,0.953,0.7242,0.9225
408,73.8,18.0,4.65,6.55,353.0,0.28,0.645,0.188,21.23,150.0,17.0,3.939,M990_T1,5131.6,1879.0,81.78,0.6898,33.7,0.953,0.7242,0.9225
409,73.8,18.0,7.0,7.0,324.0,0.33,0.664,0.154,21.23,150.0,8.0,0.757,M990_T2,6698.6,2110.0,78.26,0.7204,35.249,0.962,0.7488,0.9311
410,73.8,18.0,7.0,7.0,324.0,0.33,0.664,0.154,21.23,150.0,9.0,0.869,M990_T2,6698.6,2110.0,78.26,0.7204,35.249,0.962,0.7488,0.9311
411,73.8,18.0,7.0,7.0,324.0,0.33,0.664,0.154,21.23,150.0,10.0,1.0,M990_T2,6698.6,2110.0,78.26,0.7204,35.249,0.962,0.7488,0.9311
412,73.8,18.0,7.0,7.0,324.0,0.33,0.664,0.154,21.23,150.0,11.0,1.145,M990_T2,6698.6,2110.0,78.26,0.7204,35.249,0.962,0.7488,0.9311
413,73.8,18.0,7.0,7.0,324.0,0.33,0.664,0.154,21.23,150.0,12.0,1.338,M990_T2,6698.6,2110.0,78.26,0.7204,35.249,0.962,0.7488,0.9311
414,73.8,18.0,7.0,7.0,324.0,0.33,0.664,0.154,21.23,150.0,13.0,1.547,M990_T2,6698.6,2110.0,78.26,0.7204,35.249,0.962,0.7488,0.9311
415,73.8,18.0,7.0,7.0,324.0,0.33,0.664,0.154,21.23,150.0,14.0,1.922,M990_T2,6698.6,2110.0,78.26,0.7204,35.249,0.962,0.7488,0.9311
416,73.8,18.0,7.0,7.0,324.0,0.33,0.664,0.154,21.23,150.0,15.0,2.856,M990_T2,6698.6,2110.0,78.26,0.7204,35.249,0.962,0.7488,0.9311
417,73.8,18.0,7.0,7.0,324.0,0.33,0.664,0.154,21.23,150.0,16.0,4.508,M990_T2,6698.6,2110.0,78.26,0.7204,35.249,0.962,0.7488,0.9311
418,73.8,18.0,7.0,7.0,324.0,0.33,0.664,0.154,21.23,150.0,17.0,6.389,M990_T2,6698.6,2110.0,78.26,0.7204,35.249,0.962,0.7488,0.9311
